rank,candidate_id,final_score,semantic_match,hard_skill_match,blended_semantic,retrieval_relevance,product_execution,evaluation_systems,vector_search,nlp_llm,title_relevance,experience_alignment,career_stability,activity,availability,consistency,pen_research,pen_specialization,pen_consulting,penalty_total,years_exp,relevant_years,notice_days,current_title,location,open_to_work,github_score,matched_skills
1,CAND_0000031,0.6092,0.3465,0.6500,0.4527,1.0000,0.3750,0.2000,0.5000,0.6250,0.4000,1.0000,0.3500,0.8975,0.6025,1.0000,0.0000,0.0000,0.0000,0.0000,6.0,5.8,60,Recommendation Systems Engineer,"Hyderabad, Telangana",True,32.6,FAISS; Pinecone; Machine Learning; Embeddings; Information Retrieval; Hugging Face Transformers
2,CAND_0000001,0.4570,0.4385,0.3667,0.4133,0.0000,0.5000,0.0000,0.2500,0.3750,0.6500,1.0000,1.0000,0.7220,0.4600,1.0000,0.0000,0.1500,0.0000,0.0090,6.9,6.8,60,Backend Engineer,Toronto,True,9.2,NLP; Fine-tuning LLMs; LoRA; Milvus
3,CAND_0000014,0.4199,0.5514,0.2556,0.4478,0.0000,0.3750,0.0000,0.5000,0.1250,0.4000,1.0000,0.8500,0.3770,0.3575,1.0000,0.0000,0.0000,0.0000,0.0000,8.4,8.3,90,Frontend Engineer,"Hyderabad, Telangana",False,-1.0,FAISS; OpenSearch; REST APIs
4,CAND_0000035,0.3982,0.5429,0.1333,0.3995,0.2857,0.2500,0.0000,0.0000,0.1250,0.4000,0.8000,0.8500,0.3355,0.3100,1.0000,0.0000,0.0000,0.0000,0.0000,4.3,4.2,60,Full Stack Developer,"Hyderabad, Telangana",False,-1.0,Recommendation Systems; Next.js
5,CAND_0000015,0.3900,0.5169,0.2667,0.4293,0.0000,0.2500,0.0000,0.2500,0.1250,0.6500,1.0000,0.5500,0.5600,0.3875,1.0000,0.0000,0.0000,0.0000,0.0000,5.4,5.3,90,Software Engineer,"Trivandrum, Kerala",True,-1.0,Content Writing; Qdrant; Computer Vision; Next.js
6,CAND_0000038,0.3900,0.5770,0.1000,0.4101,0.0000,0.1250,0.0000,0.2500,0.1250,0.4000,1.0000,0.8500,0.7600,0.3575,1.0000,0.0000,0.0000,0.0000,0.0000,6.7,6.6,90,Java Developer,"Coimbatore, Tamil Nadu",True,37.8,Weaviate
7,CAND_0000027,0.3733,0.5567,0.2222,0.4397,0.2857,0.2500,0.0000,0.0000,0.2500,0.6500,0.4500,0.5500,0.7700,0.4525,1.0000,0.0000,0.0000,0.4500,0.0270,3.9,3.8,90,DevOps Engineer,"Kolkata, West Bengal",True,38.6,PEFT; Marketing; Information Retrieval
8,CAND_0000044,0.3703,0.5479,0.0667,0.3795,0.0000,0.2500,0.0000,0.0000,0.1250,0.4000,1.0000,0.8500,0.5350,0.3225,1.0000,0.0000,0.0000,0.0000,0.0000,5.7,5.7,90,Frontend Engineer,"Indore, Madhya Pradesh",False,6.5,Python
9,CAND_0000023,0.3462,0.5498,0.0667,0.3807,0.0000,0.3750,0.0000,0.0000,0.1250,0.6500,0.4500,0.5500,0.5700,0.6150,1.0000,0.0000,0.0000,0.0000,0.0000,3.7,3.7,30,Software Engineer,New York,False,48.5,Marketing
