rank,candidate_id,final_score,semantic_match,hard_skill_match,blended_semantic,retrieval_relevance,product_execution,product_company_score,evaluation_systems,vector_search,nlp_llm,title_relevance,experience_alignment,career_stability,activity,availability,consistency,skill_assessment,interview_reliability,education_quality,profile_trust,pen_research,pen_specialization,pen_consulting,penalty_total,years_exp,relevant_years,notice_days,current_title,location,open_to_work,github_score,matched_skills,explain_retrieval,explain_evaluation,explain_vector_search,explain_product_execution
1,CAND_0018499,0.9336,0.5549,0.9000,0.6757,0.9800,1.0000,1.0000,1.0000,1.0000,0.7500,1.0000,1.0000,0.8500,0.8450,0.8425,1.0000,1.0000,0.8700,1.0000,0.9950,0.0000,0.0000,0.0000,0.0000,7.2,7.2,15,Senior Machine Learning Engineer,"Noida, Uttar Pradesh",True,94.8,Deep Learning; Weaviate; Recommendation Systems; Diffusion Models; Pinecone; Information Retrieval,False,False,True,True
2,CAND_0055905,0.8951,0.5829,0.6944,0.6220,0.9500,1.0000,1.0000,1.0000,1.0000,1.0000,1.0000,1.0000,0.8500,0.8225,0.8175,1.0000,0.7000,0.7075,1.0000,0.6118,0.0000,0.0000,0.0000,0.0000,8.1,8.0,30,Senior Machine Learning Engineer,London,True,-1.0,Elasticsearch; Hugging Face Transformers; Python; LLMs; OpenSearch; Fine-tuning LLMs,False,False,True,True
3,CAND_0086022,0.8677,0.5632,0.8667,0.6694,0.9600,0.8750,0.5000,1.0000,1.0000,0.8750,1.0000,1.0000,0.8500,0.7750,0.8275,0.7000,0.9500,0.7075,0.8500,0.9502,0.0000,0.0000,0.0000,0.0000,5.3,5.2,0,Senior Applied Scientist,"Kolkata, West Bengal",True,75.2,Vector Search; Recommendation Systems; Deep Learning; Fine-tuning LLMs; Elasticsearch; QLoRA,False,True,True,False
4,CAND_0046525,0.8358,0.5828,0.5333,0.5655,0.9400,0.8750,0.0000,1.0000,0.9800,0.7500,1.0000,1.0000,1.0000,0.8750,0.5500,1.0000,0.9500,0.8700,0.8500,0.7405,0.0000,0.0000,0.0000,0.0000,6.1,6.1,60,Senior Machine Learning Engineer,"Pune, Maharashtra",True,36.7,Elasticsearch; Machine Learning; Information Retrieval; LLMs; NLP; Sentence Transformers,False,True,True,False
5,CAND_0077337,0.8348,0.5354,0.9222,0.6708,0.9800,0.8750,0.7500,1.0000,0.3600,1.0000,1.0000,1.0000,0.5500,0.9500,0.5675,0.9000,0.4500,0.7075,0.8500,0.9015,0.0000,0.0000,0.0000,0.0000,7.0,6.9,60,Staff Machine Learning Engineer,"Kochi, Kerala",True,68.0,Semantic Search; QLoRA; Pinecone; Feature Engineering; BM25; Information Retrieval,True,True,False,False
6,CAND_0008425,0.8298,0.5910,0.7667,0.6525,0.7500,1.0000,1.0000,1.0000,0.4200,1.0000,1.0000,1.0000,0.8500,0.7750,0.4275,1.0000,0.3000,0.8700,1.0000,0.8095,0.0000,0.0000,0.0000,0.0000,7.8,7.7,90,Senior NLP Engineer,"Kolkata, West Bengal",True,53.3,Learning to Rank; Qdrant; Sentence Transformers; NLP; Python; Prompt Engineering,False,True,False,True
7,CAND_0094759,0.8226,0.6121,0.6889,0.6390,0.9300,0.8750,0.0000,1.0000,1.0000,0.8750,1.0000,1.0000,0.8500,0.5375,0.4775,1.0000,0.8500,1.0000,0.8500,0.8982,0.0000,0.0000,0.0000,0.0000,8.6,8.4,30,Lead AI Engineer,"Mumbai, Maharashtra",False,76.2,Prompt Engineering; Hugging Face Transformers; Learning to Rank; Semantic Search; Qdrant; Fine-tuning LLMs,False,True,True,False
8,CAND_0033861,0.8213,0.5870,1.0000,0.7315,0.9500,1.0000,0.2500,1.0000,0.4200,1.0000,1.0000,1.0000,0.8500,0.5300,0.4900,0.9000,0.3000,0.8700,1.0000,0.7370,0.0000,0.0000,0.0000,0.0000,8.0,7.9,30,Senior NLP Engineer,"Vizag, Andhra Pradesh",False,32.6,Reinforcement Learning; Weaviate; LoRA; LLMs; Machine Learning; Time Series,False,True,False,True
9,CAND_0005260,0.8188,0.5669,0.7278,0.6232,0.9600,1.0000,0.0000,1.0000,0.7400,1.0000,1.0000,1.0000,0.8500,0.8075,0.3950,0.8800,0.3000,0.7075,0.8500,0.7070,0.0000,0.0000,0.0000,0.0000,5.2,5.1,60,Senior NLP Engineer,"Chennai, Tamil Nadu",False,-1.0,Prompt Engineering; Information Retrieval; Semantic Search; Deep Learning; Python; NLP,False,True,False,True
10,CAND_0002025,0.8154,0.5726,0.9944,0.7202,0.7900,1.0000,0.2500,1.0000,0.3600,0.7500,1.0000,1.0000,0.8500,0.9500,0.8000,0.6000,0.3000,0.8700,1.0000,0.9545,0.0000,0.0000,0.0000,0.0000,5.9,5.8,30,Senior AI Engineer,"Trivandrum, Kerala",True,96.9,Diffusion Models; FAISS; OpenSearch; Weaviate; Sentence Transformers; QLoRA,False,True,False,True
11,CAND_0079387,0.7911,0.4780,0.8556,0.6101,0.6000,0.8750,0.5000,0.9600,1.0000,1.0000,1.0000,1.0000,0.5500,0.7750,0.8025,0.9000,0.9000,0.9300,0.8500,0.9460,0.0000,0.0000,0.0000,0.0000,6.9,6.8,30,AI Engineer,"Trivandrum, Kerala",True,64.1,Recommendation Systems; Python; Time Series; Sentence Transformers; Vector Search; Next.js,False,True,True,False
12,CAND_0041669,0.7847,0.4467,0.9833,0.6345,0.7800,0.8750,0.5000,0.9600,0.6600,1.0000,0.4000,1.0000,0.8500,0.7750,0.5225,0.9000,0.8500,1.0000,0.8500,0.7562,0.0000,0.0000,0.0000,0.0000,8.0,7.9,60,Recommendation Systems Engineer,"Noida, Uttar Pradesh",True,70.9,FAISS; Milvus; PEFT; Diffusion Models; QLoRA; Semantic Search,False,True,False,True
13,CAND_0030953,0.7803,0.4754,0.5778,0.5112,0.9300,0.8750,0.0000,0.9600,1.0000,0.8750,1.0000,1.0000,0.5500,0.7750,0.4725,1.0000,0.6500,0.7075,0.8500,0.5680,0.0000,0.0000,0.0000,0.0000,7.8,7.7,45,Search Engineer,"Chennai, Tamil Nadu",False,21.0,Learning to Rank; Time Series; Qdrant; Reinforcement Learning; Python; Hugging Face Transformers,False,True,True,False
14,CAND_0080766,0.7767,0.5730,0.9778,0.7147,0.4300,1.0000,0.7500,1.0000,0.3600,0.6250,1.0000,1.0000,0.8500,0.7750,0.7050,0.9000,0.3000,0.8700,0.8500,0.7945,0.0000,0.0000,0.0000,0.0000,8.8,8.8,0,Staff Machine Learning Engineer,"Coimbatore, Tamil Nadu",False,32.9,Search Backend; LoRA; Search & Discovery; Search Infrastructure; Open-source ML libraries; Information Retrieval Systems,False,True,False,True
15,CAND_0011687,0.7701,0.5349,0.5222,0.5305,0.3500,1.0000,0.2500,1.0000,0.6600,0.8750,1.0000,1.0000,1.0000,0.8750,0.9125,1.0000,0.8500,0.8700,1.0000,0.9123,0.0000,0.0000,0.0000,0.0000,7.8,7.7,15,Senior NLP Engineer,"Indore, Madhya Pradesh",True,76.3,OpenSearch; FAISS; PEFT; Feature Engineering; Embeddings; Weaviate,False,True,False,True
16,CAND_0005649,0.7543,0.4765,0.6778,0.5469,0.8700,0.7500,0.0000,0.9600,1.0000,1.0000,1.0000,1.0000,0.5500,0.6350,0.4050,1.0000,0.3000,0.8700,0.8500,0.7445,0.0000,0.0000,0.0000,0.0000,7.4,7.3,90,Senior Data Scientist,"Delhi, Delhi",True,80.7,Prompt Engineering; Deep Learning; Fine-tuning LLMs; Recommendation Systems; QLoRA; Semantic Search,False,True,True,False
17,CAND_0037000,0.7543,0.4912,0.8278,0.6090,0.7500,0.6250,0.5000,0.6400,0.5400,0.8750,1.0000,1.0000,0.8500,0.8750,0.6925,1.0000,0.7500,0.7075,0.7500,0.7722,0.0000,0.0000,0.0000,0.0000,2.7,6.2,15,Search Engineer,"Noida, Uttar Pradesh",False,66.8,Embeddings; Semantic Search; Hugging Face Transformers; Reinforcement Learning; FAISS; Pinecone,True,True,False,False
18,CAND_0058575,0.7527,0.5475,0.5222,0.5387,0.7100,0.7500,0.5000,1.0000,1.0000,1.0000,1.0000,1.0000,0.5500,0.7750,0.4350,0.7000,0.3000,0.7075,0.8500,0.6290,0.0000,0.0000,0.0000,0.0000,5.8,5.8,90,AI Engineer,"Chennai, Tamil Nadu",True,34.9,Machine Learning; Time Series; Recommendation Systems; Pinecone; Hugging Face Transformers; Sentence Transformers,False,True,True,False
19,CAND_0075249,0.7463,0.4709,0.5444,0.4966,0.8100,0.6250,0.5000,0.6400,0.8400,0.7500,1.0000,1.0000,1.0000,0.6925,0.6700,1.0000,0.7000,0.7075,1.0000,0.6593,0.0000,0.0000,0.0000,0.0000,6.2,6.2,45,Applied ML Engineer,"Ahmedabad, Gujarat",True,36.8,Sentence Transformers; Milvus; Machine Learning; Fine-tuning LLMs; BM25; Pinecone,True,False,True,False
20,CAND_0039383,0.7359,0.4449,0.7333,0.5458,0.7800,0.3750,1.0000,0.6400,0.9000,0.6250,1.0000,1.0000,0.8500,0.6500,0.4150,1.0000,0.7000,1.0000,0.8500,0.8225,0.0000,0.0000,0.0000,0.0000,7.1,7.0,90,Applied ML Engineer,"Gurgaon, Haryana",True,86.4,FAISS; Recommendation Systems; Hugging Face Transformers; QLoRA; Feature Engineering; NLP,True,False,True,False
21,CAND_0042506,0.7358,0.5090,0.6611,0.5622,0.5700,0.7500,0.5000,0.6400,0.9600,1.0000,1.0000,0.8000,0.8500,0.7865,0.8100,0.7000,0.6500,0.8700,0.7000,0.8282,0.0000,0.0000,0.0000,0.0000,4.2,4.2,15,Search Engineer,"Mumbai, Maharashtra",True,64.0,PEFT; Semantic Search; Fine-tuning LLMs; Information Retrieval; Diffusion Models; Milvus,False,False,True,True
22,CAND_0020877,0.7287,0.5037,0.6056,0.5393,0.4900,0.6250,0.5000,0.9600,1.0000,1.0000,1.0000,1.0000,0.8500,0.7675,0.3450,0.7000,0.6500,0.8700,0.8500,0.9130,0.0000,0.0000,0.0000,0.0000,5.1,5.0,60,Applied ML Engineer,"Gurgaon, Haryana",False,74.4,QLoRA; Elasticsearch; OpenSearch; Information Retrieval; Weaviate; Deep Learning,False,True,True,False
23,CAND_0060072,0.7272,0.5801,1.0000,0.7271,0.7800,0.6250,0.2500,0.9600,0.3600,0.5000,1.0000,1.0000,0.8500,0.5225,0.1375,0.7800,0.7000,1.0000,1.0000,0.8645,0.0000,0.0000,0.0000,0.0000,5.7,5.7,90,Staff Machine Learning Engineer,"Indore, Madhya Pradesh",False,82.4,Deep Learning; Sentence Transformers; Feature Engineering; Milvus; Fine-tuning LLMs; Next.js,True,True,False,False
24,CAND_0044883,0.7249,0.5198,0.5222,0.5207,0.6500,0.7500,0.5000,0.9600,0.9000,1.0000,1.0000,1.0000,0.5500,0.8750,0.3225,1.0000,0.3000,0.7300,0.6000,0.7955,0.0000,0.0000,0.0000,0.0000,6.3,6.2,90,AI Engineer,Berlin,False,70.5,BM25; Computer Vision; Prompt Engineering; Embeddings; QLoRA; Fine-tuning LLMs,False,True,True,False
25,CAND_0053591,0.7197,0.5292,0.7222,0.5967,0.3400,0.6250,1.0000,0.6400,0.9600,0.8750,1.0000,1.0000,0.8500,0.8750,0.5325,1.0000,1.0000,1.0000,0.8500,0.7787,0.0000,0.0000,0.0000,0.0000,5.3,5.2,60,AI Engineer,Toronto,True,75.8,Reinforcement Learning; Embeddings; Milvus; OpenSearch; Sentence Transformers; Qdrant,False,True,True,False
26,CAND_0069905,0.7183,0.5008,0.5444,0.5160,0.7000,0.5000,0.0000,0.9600,1.0000,1.0000,1.0000,1.0000,0.8500,0.7750,0.4575,1.0000,0.3000,1.0000,0.7000,0.7830,0.0000,0.0000,0.0000,0.0000,6.6,6.5,90,Applied ML Engineer,"Bhubaneswar, Odisha",True,44.8,LoRA; Computer Vision; Recommendation Systems; Sentence Transformers; Hugging Face Transformers; Python,False,True,True,False
27,CAND_0054123,0.7182,0.4793,0.7000,0.5566,0.7100,0.6250,0.5000,0.6400,0.9000,0.7500,1.0000,0.8000,0.8500,0.8075,0.3975,0.7000,0.9000,0.5675,1.0000,0.8780,0.0000,0.0000,0.0000,0.0000,4.7,4.6,60,Applied ML Engineer,"Gurgaon, Haryana",False,71.5,Python; Weaviate; Qdrant; Vector Search; Hugging Face Transformers; LLMs,False,True,True,False
28,CAND_0001610,0.7171,0.4891,0.7778,0.5901,0.7600,0.7500,0.5000,0.6400,0.9600,0.7500,1.0000,1.0000,0.5500,0.7750,0.4050,0.7000,0.3000,0.7075,0.7000,0.7450,0.0000,0.0000,0.0000,0.0000,3.0,5.1,90,Machine Learning Engineer,"Trivandrum, Kerala",True,40.0,Deep Learning; Pinecone; Feature Engineering; Fine-tuning LLMs; Milvus; Sentence Transformers,False,False,True,True
29,CAND_0068811,0.7114,0.4794,0.6222,0.5294,0.5300,0.8750,0.5000,0.6400,0.7200,0.7500,1.0000,1.0000,0.5500,0.6950,0.7050,1.0000,0.4500,0.8700,0.8500,0.5940,0.0000,0.0000,0.0000,0.0000,8.0,7.9,30,Applied ML Engineer,"Pune, Maharashtra",True,23.1,Vector Search; Qdrant; Embeddings; Pinecone; Time Series; PEFT,False,False,True,True
30,CAND_0026532,0.7112,0.4081,0.9056,0.5822,0.6600,0.7500,0.5000,0.9600,0.9600,0.8750,0.4000,0.8000,0.8500,0.7135,0.3925,0.8800,0.3000,0.5675,0.8500,0.7252,0.0000,0.0000,0.0000,0.0000,4.8,4.7,90,Recommendation Systems Engineer,"Chennai, Tamil Nadu",True,32.5,Prompt Engineering; Time Series; LoRA; PEFT; Embeddings; Semantic Search,False,True,True,False
31,CAND_0075439,0.7104,0.4809,0.7611,0.5790,0.3600,0.8750,0.5000,0.9600,0.6000,0.8750,1.0000,0.8000,0.8500,0.7990,0.5900,0.8800,0.3000,0.8700,0.7000,0.9445,0.0000,0.0000,0.0000,0.0000,4.3,4.2,30,Machine Learning Engineer,"Vizag, Andhra Pradesh",False,66.3,Learning to Rank; Feature Engineering; LoRA; Elasticsearch; OpenSearch; Vector Search,False,True,False,True
32,CAND_0096172,0.7054,0.4426,0.7278,0.5424,0.6900,0.6250,0.0000,0.6400,0.9600,1.0000,1.0000,1.0000,0.8500,0.8075,0.4325,0.8800,0.3000,0.7075,0.8500,0.9273,0.0000,0.0000,0.0000,0.0000,5.2,5.1,45,NLP Engineer,"Chennai, Tamil Nadu",False,65.0,OpenSearch; Elasticsearch; Semantic Search; Time Series; Python; RAG,False,True,True,False
33,CAND_0044222,0.6966,0.5163,1.0000,0.6856,0.6600,0.2500,0.0000,0.6400,1.0000,0.8750,1.0000,1.0000,1.0000,0.8750,0.4800,1.0000,0.7000,0.8700,0.8500,0.7228,0.0000,0.0000,0.0000,0.0000,7.7,7.7,60,AI Engineer,"Vizag, Andhra Pradesh",True,28.9,Vector Search; OpenSearch; Qdrant; Feature Engineering; Time Series; Weaviate,False,True,True,False
34,CAND_0051292,0.6961,0.4746,0.7333,0.5652,0.8600,0.5000,0.0000,0.6400,1.0000,1.0000,1.0000,1.0000,0.5500,0.6265,0.7300,0.8800,0.3000,0.7075,0.7000,0.8350,0.0000,0.0000,0.0000,0.0000,5.2,5.0,30,Applied ML Engineer,"Trivandrum, Kerala",True,61.7,FAISS; LLMs; Time Series; Vector Search; PEFT; Fine-tuning LLMs,True,False,True,False
35,CAND_0042029,0.6947,0.4760,0.8111,0.5933,0.3400,0.6250,0.5000,0.6400,0.9600,0.8750,1.0000,1.0000,1.0000,0.7450,0.4825,0.8800,0.7000,0.7075,0.7000,0.8825,0.0000,0.0000,0.0000,0.0000,6.5,6.5,45,Senior Data Scientist,"Delhi, Delhi",False,78.7,NLP; RAG; Elasticsearch; Embeddings; REST APIs; OpenSearch,False,True,True,False
36,CAND_0007009,0.6941,0.4399,0.7611,0.5523,0.6000,0.6250,0.0000,0.9600,1.0000,1.0000,0.4000,1.0000,0.8500,0.5375,0.7550,1.0000,0.3000,0.8700,0.7500,0.8030,0.0000,0.0000,0.0000,0.0000,7.9,7.8,30,Recommendation Systems Engineer,"Noida, Uttar Pradesh",True,69.2,Weaviate; Python; Embeddings; Learning to Rank; PEFT; BM25,False,True,True,False
37,CAND_0057563,0.6898,0.4230,0.6778,0.5122,0.6900,0.6250,0.0000,0.6400,0.8400,0.8750,1.0000,1.0000,0.8500,0.7750,0.3875,0.8800,0.8500,0.6250,0.8500,0.7272,0.0000,0.0000,0.0000,0.0000,6.8,6.7,60,NLP Engineer,"Indore, Madhya Pradesh",False,22.8,Deep Learning; RAG; Elasticsearch; Feature Engineering; OpenSearch; QLoRA,False,True,True,False
38,CAND_0088025,0.6874,0.5440,0.9778,0.6959,0.4200,0.6250,0.2500,0.7200,0.5400,0.7500,1.0000,1.0000,0.8500,0.8675,0.4700,1.0000,0.3000,1.0000,0.8500,0.9008,0.0000,0.0000,0.0000,0.0000,8.6,8.5,90,Staff Machine Learning Engineer,"Jaipur, Rajasthan",True,74.6,Pinecone; QLoRA; LLMs; Hugging Face Transformers; RAG; LoRA,False,True,False,True
39,CAND_0049896,0.6855,0.4684,0.5389,0.4930,0.5700,0.7500,0.5000,0.6400,0.3600,0.8750,1.0000,1.0000,1.0000,0.8750,0.3700,1.0000,0.3000,0.4625,0.6000,0.6780,0.0000,0.0000,0.0000,0.0000,7.3,7.2,90,Search Engineer,"Vizag, Andhra Pradesh",True,-1.0,Computer Vision; Sentence Transformers; Information Retrieval; Fine-tuning LLMs; NLP; Hugging Face Transformers,False,True,False,True
40,CAND_0027691,0.6821,0.4944,0.8444,0.6169,0.6000,0.5000,0.0000,0.6400,0.7200,0.7500,1.0000,1.0000,0.8500,0.6310,0.8600,0.8800,0.4500,0.5675,0.7000,0.9333,0.0000,0.0000,0.0000,0.0000,6.5,6.3,15,NLP Engineer,"Pune, Maharashtra",True,58.5,LoRA; PEFT; Recommendation Systems; Weaviate; Marketing; Embeddings,False,True,True,False
41,CAND_0013613,0.6811,0.4814,0.4111,0.4568,0.7400,0.7500,0.5000,0.6400,0.7200,0.8750,1.0000,0.8000,0.5500,0.6500,0.5125,0.8800,1.0000,0.7075,0.6000,0.7705,0.0000,0.0000,0.0000,0.0000,4.7,4.6,60,Machine Learning Engineer,Singapore,True,66.7,LoRA; Computer Vision; Weaviate; Sentence Transformers; Fine-tuning LLMs; Machine Learning,True,False,False,True
42,CAND_0083879,0.6794,0.5235,0.4111,0.4841,0.6100,0.5000,1.0000,0.3200,0.4200,0.7500,1.0000,1.0000,0.8500,0.7750,0.7175,1.0000,0.3000,0.8700,0.8500,0.6190,0.0000,0.0000,0.0000,0.0000,7.1,7.0,30,Machine Learning Engineer,"Noida, Uttar Pradesh",True,-1.0,Fine-tuning LLMs; Milvus; Hugging Face Transformers; Prompt Engineering; Machine Learning; Sentence Transformers,True,False,False,True
43,CAND_0029367,0.6777,0.5027,0.5611,0.5232,0.5600,0.5000,0.5000,0.6400,1.0000,1.0000,1.0000,1.0000,0.5500,0.7775,0.4550,0.7000,0.9000,0.7075,0.7000,0.5857,0.0000,0.0000,0.0000,0.0000,5.7,5.6,90,Senior Data Scientist,"Bangalore, Karnataka",True,39.8,QLoRA; FAISS; Sentence Transformers; RAG; NLP; Pinecone,False,True,True,False
44,CAND_0030468,0.6758,0.5063,0.7778,0.6013,0.3900,0.7500,1.0000,0.6400,0.2400,0.0000,1.0000,1.0000,0.5500,0.8525,0.6600,0.7000,0.9000,0.8700,1.0000,0.8367,0.0000,0.0000,0.0000,0.0000,5.4,5.3,45,Senior Applied Scientist,"Indore, Madhya Pradesh",True,45.0,Information Retrieval Systems; Content Matching; Search & Discovery; Model Adaptation; Machine Learning; Ranking Systems,False,True,False,True
45,CAND_0005538,0.6748,0.5526,0.6500,0.5867,0.6700,0.8750,0.2500,0.6400,0.0000,0.5000,1.0000,1.0000,0.3500,0.8750,0.4650,0.8800,1.0000,0.8700,0.7000,0.9105,0.0000,0.0000,0.0000,0.0000,5.9,5.8,90,Senior AI Engineer,"Kolkata, West Bengal",True,58.0,Vector Representations; Deep Learning; Content Matching; Feature Engineering; QLoRA; Python,False,True,False,True
46,CAND_0076251,0.6722,0.4786,0.8944,0.6241,0.7100,0.3750,0.5000,0.3200,0.8400,0.8750,1.0000,1.0000,0.8500,0.6470,0.4575,1.0000,0.7000,0.7075,0.7000,0.4837,0.0000,0.0000,0.0000,0.0000,7.6,7.6,60,Search Engineer,"Bhubaneswar, Odisha",True,-1.0,Fine-tuning LLMs; Reinforcement Learning; Hugging Face Transformers; Weaviate; Time Series; LLMs,True,False,True,False
47,CAND_0040887,0.6695,0.4922,0.6611,0.5513,0.5400,0.5000,0.0000,0.6400,1.0000,1.0000,1.0000,0.8000,0.8500,0.8750,0.9000,0.7000,0.6500,0.8700,0.7000,0.8037,0.0000,0.0000,0.0000,0.0000,4.7,4.6,15,Machine Learning Engineer,Toronto,True,34.2,Reinforcement Learning; Computer Vision; FAISS; LoRA; Python; PEFT,False,True,True,False
48,CAND_0031593,0.6684,0.4301,0.4000,0.4196,0.7500,0.7500,0.0000,0.6400,0.4200,0.7500,1.0000,1.0000,0.8500,0.6275,0.4075,1.0000,0.3000,0.8700,0.8500,0.6412,0.0000,0.0000,0.0000,0.0000,7.8,7.7,90,Search Engineer,"Kolkata, West Bengal",True,23.2,Hugging Face Transformers; Recommendation Systems; BM25; Embeddings; Elasticsearch,True,False,False,True
49,CAND_0078002,0.6666,0.4973,0.4667,0.4866,0.5600,0.7500,0.5000,0.6400,0.1200,0.7500,1.0000,1.0000,0.8500,0.6700,0.5450,0.8800,0.3000,0.8700,0.8500,0.8675,0.0000,0.0000,0.0000,0.0000,6.3,6.2,60,Machine Learning Engineer,"Coimbatore, Tamil Nadu",True,50.6,NLP; Time Series; Hugging Face Transformers; Weaviate; Deep Learning; QLoRA,False,True,False,True
50,CAND_0052682,0.6658,0.4398,0.5000,0.4608,0.3700,0.7500,0.0000,0.6400,0.4200,1.0000,1.0000,1.0000,1.0000,0.7450,0.8200,1.0000,0.4500,0.8700,1.0000,0.9635,0.0000,0.0000,0.0000,0.0000,6.6,6.5,30,NLP Engineer,"Vizag, Andhra Pradesh",True,72.4,QLoRA; Semantic Search; FAISS; LLMs; Six Sigma; Python,False,True,False,True
51,CAND_0062247,0.6639,0.5235,0.8944,0.6533,0.6800,0.2500,0.0000,0.3200,0.9000,0.8750,1.0000,1.0000,1.0000,0.6925,0.7950,1.0000,0.3000,0.8700,0.8500,0.6565,0.0000,0.0000,0.0000,0.0000,7.3,7.2,30,AI Engineer,"Kochi, Kerala",True,52.7,Reinforcement Learning; Pinecone; Vector Search; Qdrant; RAG; Computer Vision,True,False,True,False
52,CAND_0043228,0.6604,0.4513,0.5944,0.5014,0.6500,0.5000,0.0000,0.3200,0.9000,0.6250,1.0000,1.0000,0.8500,0.8750,0.5525,1.0000,0.7000,0.8600,0.8500,0.8588,0.0000,0.0000,0.0000,0.0000,6.8,6.7,30,Applied ML Engineer,"Chennai, Tamil Nadu",False,47.6,NLP; Hugging Face Transformers; Machine Learning; Vector Search; Sentence Transformers; Weaviate,True,False,True,False
53,CAND_0039521,0.6599,0.4907,0.9444,0.6495,0.5400,0.6250,0.0000,0.6400,0.5400,1.0000,1.0000,0.8000,0.8500,0.7750,0.5525,0.8800,0.3000,0.8700,0.6000,0.6380,0.0000,0.0000,0.0000,0.0000,3.0,4.9,30,Search Engineer,"Coimbatore, Tamil Nadu",False,-1.0,Time Series; Hugging Face Transformers; Marketing; PEFT; Weaviate; BM25,False,True,False,True
54,CAND_0011327,0.6509,0.5701,0.2667,0.4639,0.8100,0.5000,1.0000,0.0000,0.1200,0.7500,1.0000,1.0000,0.8500,0.7550,0.5275,1.0000,0.3000,0.8700,0.6000,0.6952,0.0000,0.0000,0.0000,0.0000,6.3,6.2,60,AI Research Engineer,"Gurgaon, Haryana",True,-1.0,Time Series; Sentence Transformers; Semantic Search; OpenSearch,True,False,False,True
55,CAND_0032515,0.6498,0.4753,0.6889,0.5501,0.5500,0.6250,0.5000,0.6400,0.3000,0.6250,1.0000,1.0000,0.5500,0.8750,0.4500,0.8800,0.5000,0.8700,1.0000,0.7595,0.0000,0.0000,0.0000,0.0000,5.1,5.0,45,Machine Learning Engineer,Seattle,False,67.4,Milvus; Vector Search; QLoRA; Fine-tuning LLMs; NLP; Deep Learning,False,True,False,True
56,CAND_0079284,0.6491,0.4622,0.6222,0.5182,0.4700,0.7500,0.5000,0.3200,0.2400,0.6250,1.0000,0.8000,0.8500,0.7525,0.6475,0.8800,0.7000,1.0000,1.0000,0.6837,0.0000,0.0000,0.0000,0.0000,4.9,4.8,30,Machine Learning Engineer,"Hyderabad, Telangana",False,-1.0,Recommendation Systems; QLoRA; Qdrant; Feature Engineering; Fine-tuning LLMs; Elasticsearch,False,False,False,True
57,CAND_0006567,0.6481,0.5722,0.9667,0.7102,0.2500,0.6250,0.7500,0.6400,0.0000,0.1250,1.0000,1.0000,0.8500,0.8750,0.5275,0.9000,0.4500,0.7550,0.8500,0.7225,0.0000,0.0000,0.0000,0.0000,7.9,7.8,60,Senior AI Engineer,"Noida, Uttar Pradesh",True,35.2,Search Backend; Model Adaptation; Vector Representations; BM25; NLP; Python,False,True,False,True
58,CAND_0017960,0.6457,0.4253,0.5389,0.4650,0.6600,0.6250,0.0000,0.6400,0.7200,1.0000,0.4000,1.0000,0.8500,0.7270,0.5100,1.0000,0.3000,0.7075,0.8500,0.7777,0.0000,0.0000,0.0000,0.0000,7.7,7.6,60,Recommendation Systems Engineer,"Bangalore, Karnataka",True,92.4,QLoRA; Hugging Face Transformers; Reinforcement Learning; Machine Learning; Qdrant; PEFT,False,True,True,False
59,CAND_0025640,0.6456,0.5283,0.6222,0.5612,0.8000,0.3750,0.2500,0.0000,0.3600,0.8750,1.0000,1.0000,0.8500,0.8750,0.8175,1.0000,0.5000,1.0000,0.8500,0.4355,0.0000,0.0000,0.0000,0.0000,5.6,5.5,30,AI Research Engineer,"Jaipur, Rajasthan",True,-1.0,Semantic Search; PEFT; Information Retrieval; FAISS; Next.js; OpenSearch,True,False,False,False
60,CAND_0037980,0.6454,0.4705,0.7389,0.5644,0.2500,0.7500,0.0000,0.9600,0.0000,0.2500,1.0000,1.0000,0.8500,0.7750,0.8475,0.9000,0.6500,0.8700,0.8500,0.6272,0.0000,0.0000,0.0000,0.0000,9.0,8.9,0,Senior Applied Scientist,"Kolkata, West Bengal",True,30.8,LoRA; Search Infrastructure; NLP; BM25; QLoRA; Model Adaptation,False,True,False,True
61,CAND_0005509,0.6449,0.4621,0.4500,0.4579,0.8800,0.6250,0.7500,0.0000,0.1200,0.3750,1.0000,1.0000,0.5500,0.8750,0.7000,1.0000,0.3000,0.7075,0.6000,0.8017,0.0000,0.0000,0.0000,0.0000,6.0,5.8,30,Data Scientist,"Noida, Uttar Pradesh",True,74.2,Diffusion Models; Python; Fine-tuning LLMs; Feature Engineering; Reinforcement Learning; Qdrant,True,False,False,True
62,CAND_0020708,0.6434,0.4624,0.6667,0.5339,0.6900,0.2500,0.0000,0.6400,0.8400,0.7500,1.0000,0.8000,1.0000,0.6290,0.8100,0.7000,0.4500,0.8700,0.7000,0.7235,0.0000,0.0000,0.0000,0.0000,4.2,4.2,30,Search Engineer,"Indore, Madhya Pradesh",True,84.3,NLP; Learning to Rank; Python; Elasticsearch; LLMs; Fine-tuning LLMs,False,True,True,False
63,CAND_0006418,0.6407,0.4805,0.6778,0.5495,0.3100,0.5000,0.5000,0.6400,0.3600,0.5000,1.0000,1.0000,0.8500,0.6925,0.5600,0.8800,1.0000,0.8700,1.0000,0.7322,0.0000,0.0000,0.0000,0.0000,5.7,5.6,60,Machine Learning Engineer,"Gurgaon, Haryana",True,59.7,Semantic Search; Embeddings; Weaviate; Elasticsearch; Learning to Rank; Qdrant,False,True,False,True
64,CAND_0018549,0.6375,0.4204,0.6000,0.4832,0.4800,0.6250,1.0000,0.3200,0.3600,0.5000,0.4000,1.0000,1.0000,0.8375,0.5125,1.0000,0.9000,0.7075,1.0000,0.8440,0.0000,0.0000,0.0000,0.0000,6.8,6.8,60,Recommendation Systems Engineer,"Coimbatore, Tamil Nadu",True,56.3,Computer Vision; Weaviate; Elasticsearch; Qdrant; Milvus; Fine-tuning LLMs,False,False,False,True
65,CAND_0076904,0.6370,0.4935,0.7333,0.5774,0.7300,0.3750,0.0000,0.6400,0.9000,0.6250,1.0000,0.8000,0.8500,0.7750,0.3975,0.7000,0.5000,0.8700,0.7500,0.4285,0.0000,0.0000,0.0000,0.0000,4.2,4.1,90,Senior Data Scientist,London,True,-1.0,PEFT; Recommendation Systems; Deep Learning; Vector Search; Machine Learning; NLP,True,False,True,False
66,CAND_0015493,0.6367,0.4760,0.2833,0.4086,0.6300,0.8750,0.7500,0.0000,0.0000,0.5000,1.0000,1.0000,0.8500,0.7750,0.6750,1.0000,0.7000,0.7075,0.6000,0.8528,0.0000,0.0000,0.0000,0.0000,6.4,6.2,30,Data Scientist,"Vizag, Andhra Pradesh",True,65.5,Semantic Search; LoRA; Time Series; NLP,True,False,False,True
67,CAND_0018722,0.6366,0.4539,0.4111,0.4389,0.8600,0.2500,0.5000,0.6400,0.7200,0.7500,0.4000,1.0000,0.8500,0.7450,0.4600,1.0000,0.3000,1.0000,0.7000,0.9085,0.0000,0.0000,0.0000,0.0000,6.6,6.5,90,Recommendation Systems Engineer,Toronto,True,94.3,Weaviate; Python; Recommendation Systems; LLMs; Hugging Face Transformers; PEFT,True,False,True,False
68,CAND_0011432,0.6356,0.4630,0.5556,0.4954,0.4300,0.6250,0.0000,0.6400,0.5400,0.7500,1.0000,1.0000,0.8500,0.5975,0.4975,1.0000,0.7000,0.8700,0.6000,0.7145,0.0000,0.0000,0.0000,0.0000,7.6,7.5,60,Senior Data Scientist,"Chennai, Tamil Nadu",True,20.0,Time Series; OpenSearch; PEFT; QLoRA; Machine Learning; Elasticsearch,False,True,False,True
69,CAND_0047721,0.6321,0.4422,0.7389,0.5460,0.5900,0.6250,0.0000,0.3200,0.3600,0.5000,1.0000,1.0000,1.0000,0.7750,0.2350,1.0000,1.0000,0.7075,0.8500,0.9115,0.0000,0.0000,0.0000,0.0000,7.0,7.0,90,Senior Data Scientist,"Coimbatore, Tamil Nadu",False,90.1,Learning to Rank; Milvus; BM25; RAG; Diffusion Models; Information Retrieval,False,False,False,True
70,CAND_0098952,0.6320,0.5282,0.8000,0.6233,0.7800,0.2500,0.7500,0.0000,0.1200,0.3750,1.0000,1.0000,0.8500,0.5600,0.6300,1.0000,0.9000,1.0000,0.7000,0.7938,0.0000,0.0000,0.0000,0.0000,5.5,5.4,45,AI Research Engineer,"Gurgaon, Haryana",True,47.2,Recommendation Systems; QLoRA; OpenSearch; Feature Engineering; Semantic Search; Diffusion Models,True,False,False,False
71,CAND_0091909,0.6307,0.4478,0.6333,0.5127,0.5200,0.7500,0.0000,0.3200,0.3600,0.6250,1.0000,1.0000,1.0000,0.6180,0.6275,1.0000,0.3000,0.4625,0.8500,0.6773,0.0000,0.0000,0.0000,0.0000,6.9,6.8,45,Machine Learning Engineer,"Bangalore, Karnataka",True,49.7,LLMs; Pinecone; Diffusion Models; QLoRA; Qdrant; OpenSearch,False,False,False,True
72,CAND_0015967,0.6288,0.5238,0.6667,0.5738,0.7600,0.5000,1.0000,0.0000,0.1200,0.5000,0.6500,1.0000,0.5500,0.7475,0.7125,1.0000,0.4500,0.8000,0.8500,0.6945,0.0000,0.0000,0.0000,0.0000,5.4,5.3,30,Senior Software Engineer (ML),"Hyderabad, Telangana",True,26.1,QLoRA; Pinecone; Semantic Search; Feature Engineering; LLMs; Time Series,True,False,False,True
73,CAND_0041610,0.6277,0.4318,0.6222,0.4985,0.7200,0.6250,0.5000,0.3200,0.5400,0.6250,0.4000,1.0000,0.5500,0.8360,0.7300,0.8800,0.3000,0.8700,0.7500,0.7953,0.0000,0.0000,0.0000,0.0000,6.7,6.6,30,Recommendation Systems Engineer,"Indore, Madhya Pradesh",True,52.1,LoRA; Elasticsearch; OpenSearch; BM25; Learning to Rank; Feature Engineering,True,False,False,True
74,CAND_0010541,0.6249,0.5660,0.7000,0.6129,0.7600,0.5000,0.2500,0.0000,0.3600,0.2500,1.0000,1.0000,1.0000,0.6500,0.4775,1.0000,0.3000,0.8700,0.7000,0.5793,0.0000,0.0000,0.0000,0.0000,6.2,6.2,60,AI Research Engineer,"Hyderabad, Telangana",True,18.2,Pinecone; Weaviate; Computer Vision; LoRA; Python; Feature Engineering,True,False,False,True
75,CAND_0065195,0.6229,0.5185,0.5556,0.5315,0.3400,0.6250,0.5000,0.3200,0.5400,0.7500,1.0000,1.0000,0.8500,0.8225,0.6650,0.7000,0.3000,0.8600,0.8500,0.8910,0.0000,0.0000,0.0000,0.0000,5.1,5.1,45,Search Engineer,"Kolkata, West Bengal",True,87.3,LLMs; QLoRA; Diffusion Models; Elasticsearch; Hugging Face Transformers; Qdrant,False,False,False,True
76,CAND_0064270,0.6220,0.4885,0.5889,0.5236,0.5700,0.5000,0.5000,0.3200,0.5400,0.8750,1.0000,0.8000,0.8500,0.6500,0.5200,0.7000,0.6500,0.5675,0.6000,0.6452,0.0000,0.0000,0.0000,0.0000,4.2,4.2,45,Applied ML Engineer,"Pune, Maharashtra",False,-1.0,Learning to Rank; Sentence Transformers; Machine Learning; Embeddings; Hugging Face Transformers; OpenSearch,False,False,False,True
77,CAND_0037566,0.6207,0.4888,0.8000,0.5977,0.0700,0.6250,0.0000,0.6400,0.5400,0.6250,1.0000,1.0000,1.0000,0.7750,0.8150,1.0000,0.3000,0.7300,0.7000,0.9765,0.0000,0.0000,0.0000,0.0000,6.9,6.8,15,Machine Learning Engineer,"Bangalore, Karnataka",True,73.4,Pinecone; Time Series; NLP; LoRA; QLoRA; BM25,False,True,False,True
78,CAND_0066035,0.6179,0.5231,0.8500,0.6375,0.5600,0.5000,0.7500,0.0000,0.1200,0.2500,1.0000,1.0000,1.0000,0.7925,0.5500,1.0000,0.5000,0.8700,0.6000,0.6910,0.0000,0.0000,0.0000,0.0000,6.7,6.6,45,Data Scientist,"Kolkata, West Bengal",True,22.3,Information Retrieval; NLP; Diffusion Models; LLMs; BM25; Feature Engineering,False,False,False,True
79,CAND_0095528,0.6178,0.4518,0.6333,0.5153,0.3900,0.7500,0.0000,0.3200,0.4200,0.7500,1.0000,1.0000,0.8500,0.7940,0.6025,1.0000,0.5500,0.8700,0.8500,0.5148,0.0000,0.0000,0.0000,0.0000,5.3,5.2,45,Senior Data Scientist,"Indore, Madhya Pradesh",True,-1.0,Feature Engineering; OpenSearch; Semantic Search; Vector Search; Qdrant; Elasticsearch,False,False,False,True
80,CAND_0061655,0.6177,0.4429,0.8222,0.5757,0.5000,0.6250,0.0000,0.3200,0.3600,0.5000,1.0000,0.8000,0.8500,0.8675,0.7600,0.8800,0.3000,0.8700,1.0000,0.9267,0.0000,0.0000,0.0000,0.0000,4.6,4.5,15,Machine Learning Engineer,"Jaipur, Rajasthan",False,56.5,PEFT; Pinecone; Time Series; Machine Learning; Qdrant; Deep Learning,False,False,False,True
81,CAND_0058688,0.6173,0.5255,0.5889,0.5477,0.3400,0.7500,0.0000,0.3200,0.1200,0.6250,1.0000,1.0000,1.0000,0.7180,0.8750,1.0000,0.3000,1.0000,1.0000,0.7665,0.0000,0.0000,0.0000,0.0000,6.7,6.7,15,AI Engineer,Berlin,True,39.1,Computer Vision; Embeddings; Diffusion Models; Information Retrieval; Milvus; Machine Learning,False,False,False,True
82,CAND_0054394,0.6170,0.4361,0.6278,0.5032,0.7700,0.2500,0.0000,0.6400,0.7200,0.7500,0.4000,0.8000,0.8500,0.7110,0.7600,0.7000,0.3000,1.0000,1.0000,0.6093,0.0000,0.0000,0.0000,0.0000,4.1,4.0,30,Recommendation Systems Engineer,"Pune, Maharashtra",True,31.5,Prompt Engineering; Time Series; Fine-tuning LLMs; Embeddings; Pinecone; Hugging Face Transformers,True,False,True,False
83,CAND_0050876,0.6168,0.4744,0.5667,0.5067,0.5900,0.6250,0.5000,0.3200,0.3600,0.5000,1.0000,1.0000,0.5500,0.6155,0.4300,0.8800,0.7000,0.7550,1.0000,0.9545,0.0000,0.0000,0.0000,0.0000,6.0,5.9,90,Applied ML Engineer,"Kolkata, West Bengal",True,86.1,Qdrant; FAISS; Machine Learning; OpenSearch; QLoRA; Sentence Transformers,False,False,False,True
84,CAND_0045250,0.6164,0.5010,0.8278,0.6153,0.3100,0.5000,0.0000,0.3200,0.3000,0.6250,1.0000,1.0000,1.0000,0.8750,0.7250,1.0000,0.9000,0.7075,0.7500,0.5945,0.0000,0.0000,0.0000,0.0000,6.6,6.5,15,Applied ML Engineer,"Delhi, Delhi",False,-1.0,Sentence Transformers; Milvus; LoRA; Embeddings; NLP; Time Series,False,False,False,True
85,CAND_0052335,0.6162,0.5089,0.4111,0.4747,0.4200,0.5000,0.0000,0.6400,0.6000,0.8750,1.0000,1.0000,1.0000,0.7150,0.5275,1.0000,0.3000,0.7075,0.7000,0.6893,0.0000,0.0000,0.0000,0.0000,6.4,6.3,60,Applied ML Engineer,Berlin,True,20.9,Diffusion Models; Machine Learning; Learning to Rank; NLP; Semantic Search; Sentence Transformers,False,True,True,False
86,CAND_0036437,0.6150,0.4598,0.5667,0.4972,0.5500,0.6250,0.5000,0.3200,0.4200,0.3750,1.0000,0.8000,0.5500,0.8375,0.6675,0.7000,0.7000,1.0000,0.7000,0.8107,0.0000,0.0000,0.0000,0.0000,4.8,4.7,30,Search Engineer,"Kolkata, West Bengal",False,35.2,OpenSearch; Elasticsearch; Feature Engineering; Sentence Transformers; Milvus; Vector Search,False,False,False,True
87,CAND_0015528,0.6140,0.4743,0.6389,0.5319,0.4300,0.7500,0.0000,0.3200,0.3600,0.5000,1.0000,1.0000,0.8500,0.6475,0.5825,1.0000,0.7000,0.7075,1.0000,0.8317,0.0000,0.0000,0.0000,0.0000,7.4,7.2,30,Applied ML Engineer,"Coimbatore, Tamil Nadu",False,50.6,Weaviate; Feature Engineering; Information Retrieval; Time Series; OpenSearch; LoRA,False,False,False,True
88,CAND_0000031,0.6103,0.4010,0.6500,0.4881,0.8300,0.3750,1.0000,0.3200,0.2400,0.5000,0.4000,1.0000,0.3500,0.8225,0.5575,0.8800,0.7000,0.5675,0.8500,0.5215,0.0000,0.0000,0.0000,0.0000,6.0,5.8,60,Recommendation Systems Engineer,"Hyderabad, Telangana",True,32.6,FAISS; Pinecone; Machine Learning; Embeddings; Information Retrieval; Hugging Face Transformers,True,False,False,False
89,CAND_0043860,0.6089,0.4653,0.5667,0.5008,0.5600,0.5000,0.2500,0.0000,0.1800,0.3750,1.0000,1.0000,1.0000,0.9500,0.8025,1.0000,0.7000,0.9300,0.7000,0.5565,0.0000,0.0000,0.0000,0.0000,6.1,6.1,30,Junior ML Engineer,"Bhubaneswar, Odisha",True,-1.0,Feature Engineering; Semantic Search; Information Retrieval; Deep Learning; Qdrant; Vector Search,False,False,False,True
90,CAND_0017178,0.6081,0.4619,0.4667,0.4635,0.5400,0.6250,0.7500,0.0000,0.0000,0.5000,1.0000,0.8000,0.8500,0.9050,0.6625,1.0000,0.2500,1.0000,0.8500,0.6957,0.0000,0.0000,0.0000,0.0000,4.2,4.2,30,ML Engineer,"Hyderabad, Telangana",False,33.3,PEFT; Computer Vision; QLoRA; Information Retrieval; BM25; Machine Learning,False,False,False,True
91,CAND_0070333,0.6067,0.5401,0.9000,0.6661,0.8100,0.2500,0.2500,0.0000,0.3600,0.2500,1.0000,0.8000,0.8500,0.7570,0.4500,1.0000,0.8500,1.0000,0.8500,0.6060,0.0000,0.0000,0.0000,0.0000,4.7,4.7,60,AI Research Engineer,"Bhubaneswar, Odisha",True,-1.0,LLMs; FAISS; Reinforcement Learning; Computer Vision; Elasticsearch; Diffusion Models,True,False,False,False
92,CAND_0076163,0.6067,0.4571,0.7722,0.5674,0.3700,0.3750,0.5000,0.3200,0.3600,0.5000,1.0000,1.0000,1.0000,0.8750,0.5400,1.0000,0.5000,0.7075,0.8500,0.9742,0.0000,0.0000,0.0000,0.0000,6.9,6.8,60,NLP Engineer,"Chandigarh, Chandigarh",True,84.6,Weaviate; Reinforcement Learning; BM25; Semantic Search; Prompt Engineering; Sentence Transformers,False,False,False,False
93,CAND_0052328,0.6064,0.4502,0.8000,0.5726,0.3300,0.6250,0.0000,0.3200,0.4800,0.8750,0.4000,1.0000,1.0000,0.7750,0.7975,0.8800,0.6500,0.9300,1.0000,0.7418,0.0000,0.0000,0.0000,0.0000,6.5,6.4,30,Recommendation Systems Engineer,"Pune, Maharashtra",True,77.6,LoRA; OpenSearch; Reinforcement Learning; QLoRA; Recommendation Systems; Computer Vision,False,False,False,True
94,CAND_0014858,0.6036,0.5308,0.7167,0.5958,0.8100,0.2500,0.2500,0.0000,0.1800,0.7500,1.0000,0.8000,0.8500,0.8750,0.3375,1.0000,0.8500,0.6375,0.8500,0.6610,0.0000,0.0000,0.0000,0.0000,4.9,4.8,90,AI Research Engineer,"Chennai, Tamil Nadu",True,64.5,Sentence Transformers; Feature Engineering; Prompt Engineering; Diffusion Models; Vector Search; LoRA,True,False,False,False
95,CAND_0007596,0.6033,0.5160,0.6333,0.5571,0.6300,0.2500,1.0000,0.0000,0.1800,0.3750,1.0000,0.8000,0.8500,0.8375,0.6800,1.0000,0.3000,1.0000,0.7000,0.4395,0.0000,0.0000,0.0000,0.0000,4.4,4.3,45,Junior ML Engineer,"Delhi, Delhi",True,-1.0,Reinforcement Learning; Machine Learning; Feature Engineering; Time Series; Python; Weaviate,True,False,False,False
96,CAND_0064904,0.6029,0.5376,0.9222,0.6722,0.3400,0.7500,0.0000,0.3200,0.4200,0.5000,1.0000,0.8000,0.8500,0.6500,0.4575,0.7000,0.7000,0.8700,0.7000,0.7190,0.0000,0.0000,0.0000,0.0000,4.9,4.8,90,AI Engineer,"Hyderabad, Telangana",True,59.0,Embeddings; Hugging Face Transformers; Elasticsearch; Diffusion Models; Prompt Engineering; LLMs,False,False,False,True
97,CAND_0011162,0.6015,0.4175,0.8556,0.5708,0.6100,0.6250,0.5000,0.3200,0.4200,0.6250,0.4000,1.0000,0.5500,0.8750,0.4500,0.7000,0.3000,0.7075,1.0000,0.7855,0.0000,0.0000,0.0000,0.0000,5.8,5.7,90,Recommendation Systems Engineer,"Coimbatore, Tamil Nadu",True,34.3,FAISS; Vector Search; LoRA; Milvus; OpenSearch; Sentence Transformers,True,False,False,True
98,CAND_0022812,0.5986,0.4378,0.6944,0.5276,0.6400,0.6250,0.5000,0.3200,0.6600,0.6250,1.0000,0.8000,0.3500,0.6500,0.3775,0.7000,0.3000,0.7075,0.7500,0.5270,0.0000,0.0000,0.0000,0.0000,4.5,4.4,60,Applied ML Engineer,"Coimbatore, Tamil Nadu",False,-1.0,Weaviate; Pinecone; LoRA; Prompt Engineering; Qdrant; NLP,False,False,True,True
99,CAND_0078508,0.5980,0.5277,0.7500,0.6055,0.7400,0.3750,0.2500,0.0000,0.1200,0.7500,1.0000,1.0000,0.8500,0.7675,0.5350,1.0000,0.3000,1.0000,0.4000,0.4982,0.0000,0.0000,0.0000,0.0000,5.2,5.2,30,AI Research Engineer,"Chandigarh, Chandigarh",False,-1.0,Sentence Transformers; LLMs; Feature Engineering; Embeddings; Prompt Engineering; Reinforcement Learning,True,False,False,False
100,CAND_0072091,0.5978,0.5442,0.4333,0.5054,0.6900,0.5000,0.7500,0.0000,0.1200,0.2500,1.0000,0.8000,0.8500,0.7750,0.6000,1.0000,0.3000,0.7075,1.0000,0.5820,0.0000,0.0000,0.0000,0.0000,4.6,4.5,30,ML Engineer,"Trivandrum, Kerala",False,-1.0,Deep Learning; NLP; BM25; Information Retrieval; Fine-tuning LLMs; Elasticsearch,True,False,False,True
